<?xml version="1.0" encoding="UTF-8"?>
<!DOCTYPE mapper PUBLIC "-//mybatis.org//DTD Mapper 3.0//EN" "http://mybatis.org/dtd/mybatis-3-mapper.dtd">
<mapper namespace="com.spring.mapper.MemberMapper">
	<insert id="insert">
		insert into memberTBL(userid,password,name,gender,email)
		values(#{userid},#{password},#{name},#{gender},#{email})
	</insert>
	
	<update id="update">
		update memberTBL set password=#{password} where userid=#{userid} and password=#{password}
	</update>
	
	<delete id="delete">
		delete from memberTBL where userid=#{userid} and  password=#{password}
	</delete>

	<select id="login" resultType="com.spring.domain.MemberVO">
		select userid, name from memberTBL where userid=#{userid} and password=#{password}
	</select>

</mapper>